"","Year","Corporate_equity","Corporate_assets_bookvalue","Corporate_networth","Corporate_networth_historical","Noncorporate_equity","Noncorporate_networth","Noncorporate_assets","Corp_equities_Market","Corp_equities_public_Market","Corp_equities_private_Market","Equity_Nonfinance","Networth_Nonfinance","Networth_Nonfinance_H","equity_listed_nonFI_book","equity_listed_nonFI_market","revenue_listed_nonFI","assets_listed_nonFI","netincome_listed_nonFI","listed","OTC","Networth_IRS","Revenue_IRS","Assets_IRS","Netincome_IRS","Equity_Nonfinance_Private","Equity_Corporate_Nonfinance_Private","Networth_Nonfinance_Private","Networth_Nonfinance_Private_H","Networth_Corporate_Nonfinance_Private","Networth_Corporate_Nonfinance_Private_H","Assets_Private","Revenue_Private","Netincome_Private","GAV_PE","GAV_VC","SEC_GAV","PE_DryPowder","PE_Investments","PE_AUM","VC_DryPowder","VC_Investments","VC_AUM","Pitchbook_PE_VC_Inv","Pitchbook_PE_VC_AUM","All_PE_Funds","All_VC_Funds","PE_Funds_Advised_by_RIA","VC_Funds_Advised_by_RIA","ADV_PE_VC_All_Funds","ADV_PE_VC_Advised_by_RIA"
"1",1945,103694,286179,199112,106220,197385,197429,212285,NA,NA,NA,301079,396541,303649,NA,NA,NA,NA,NA,NA,NA,NA,NA,NA,NA,NA,NA,NA,NA,NA,NA,NA,NA,NA,NA,NA,NA,NA,NA,NA,NA,NA,NA,NA,NA,NA,NA,NA,NA,NA,NA
"2",1946,97302,311970,212596,111326,234182,234226,253311,NA,NA,NA,331484,446822,345552,NA,NA,NA,NA,NA,NA,NA,NA,NA,NA,NA,NA,NA,NA,NA,NA,NA,NA,NA,NA,NA,NA,NA,NA,NA,NA,NA,NA,NA,NA,NA,NA,NA,NA,NA,NA,NA
"3",1947,95116,362919,248424,122976,267380,267424,289294,NA,NA,NA,362496,515848,390400,NA,NA,NA,NA,NA,NA,NA,NA,NA,NA,NA,NA,NA,NA,NA,NA,NA,NA,NA,NA,NA,NA,NA,NA,NA,NA,NA,NA,NA,NA,NA,NA,NA,NA,NA,NA,NA
"4",1948,94141,396728,271210,133722,283079,283127,307501,NA,NA,NA,377220,554337,416849,NA,NA,NA,NA,NA,NA,NA,NA,NA,NA,NA,NA,NA,NA,NA,NA,NA,NA,NA,NA,NA,NA,NA,NA,NA,NA,NA,NA,NA,NA,NA,NA,NA,NA,NA,NA,NA
"5",1949,103822,406604,279525,141633,284821,284870,310885,NA,NA,NA,388643,564395,426503,NA,NA,NA,NA,NA,NA,NA,NA,NA,NA,NA,NA,NA,NA,NA,NA,NA,NA,NA,NA,NA,NA,NA,NA,NA,NA,NA,NA,NA,NA,NA,NA,NA,NA,NA,NA,NA
"6",1950,126681,453834,302233,153980,301715,301772,332153,NA,NA,NA,428396,604005,455752,0,57502.901625,97680.598,79897.9969999999,7827.032,516,43,NA,NA,NA,NA,370893.098375,69178.098375,604005,455752,302233,153980,373936.003,NA,NA,NA,NA,NA,NA,NA,NA,NA,NA,NA,NA,NA,NA,NA,NA,NA,NA,NA
"7",1951,147629,502992,315989,149872,328507,328569,362568,NA,NA,NA,476136,644558,478441,0,75246.7443124999,118554.532,109959.699,7083.822,600,44,NA,NA,NA,NA,400889.2556875,72382.2556875001,644558,478441,315989,149872,393032.301,NA,NA,NA,NA,NA,NA,NA,NA,NA,NA,NA,NA,NA,NA,NA,NA,NA,NA,NA
"8",1952,146628,527493,337691,167536,330661,330728,367810,NA,NA,NA,477289,668419,498264,0,83125.4758750001,125329.935,119138.896,6823.09499999999,606,44,NA,NA,NA,NA,394163.524125,63502.5241249999,668419,498264,337691,167536,408354.104,NA,NA,NA,NA,NA,NA,NA,NA,NA,NA,NA,NA,NA,NA,NA,NA,NA,NA,NA
"9",1953,144082,549515,355847,183974,330215,330287,368656,NA,NA,NA,474297,686134,514261,0,82263.04725,140464.276,128677.388,7600.517,614,46,NA,NA,NA,NA,392033.95275,61818.95275,686134,514261,355847,183974,420837.612,NA,NA,NA,NA,NA,NA,NA,NA,NA,NA,NA,NA,NA,NA,NA,NA,NA,NA,NA
"10",1954,194840,564736,316559,146690,333825,333904,376569,NA,NA,NA,528665,650463,480594,0,122640.0501875,144536.755,140834.776,8535.92900000001,628,48,NA,NA,NA,NA,406024.9498125,72199.9498125,650463,480594,316559,146690,423901.224,NA,NA,NA,NA,NA,NA,NA,NA,NA,NA,NA,NA,NA,NA,NA,NA,NA,NA,NA
"11",1955,244222,621122,303189,117880,343803,343890,391908,NA,NA,NA,588025,647079,461770,0,156247.3298109,166796.865,157402.829,11306.312,643,49,NA,NA,NA,NA,431777.6701891,87974.6701890999,647079,461770,303189,117880,463719.171,NA,NA,NA,NA,NA,NA,NA,NA,NA,NA,NA,NA,NA,NA,NA,NA,NA,NA,NA
"12",1956,268373,679244,325078,115877,360826,360920,412953,NA,NA,NA,629199,685998,476797,0,168872.6155,180361.112,171868.754,11514.486,660,49,NA,NA,NA,NA,460326.3845,99500.3844999999,685998,476797,325078,115877,507375.246,NA,NA,NA,NA,NA,NA,NA,NA,NA,NA,NA,NA,NA,NA,NA,NA,NA,NA,NA
"13",1957,245747,716339,373244,154944,373179,373277,428046,NA,NA,NA,618926,746521,528221,0,154735.3676153,196584.964,188083.73,11922.822,678,52,NA,NA,NA,NA,464190.6323847,91011.6323846999,746521,528221,373244,154944,528255.27,NA,NA,NA,NA,NA,NA,NA,NA,NA,NA,NA,NA,NA,NA,NA,NA,NA,NA,NA
"14",1958,324670,741003,311528,96402,387266,387370,447017,NA,NA,NA,711936,698898,483772,0,226003.957395928,193308.808,204010.932,10529.24,735,54,NA,NA,NA,NA,485932.042604072,98666.042604072,698898,483772,311528,96402,536992.068,NA,NA,NA,NA,NA,NA,NA,NA,NA,NA,NA,NA,NA,NA,NA,NA,NA,NA,NA
"15",1959,362157,781944,298567,82752,388616,388729,454039,NA,NA,NA,750773,687296,471481,503.219,255656.505121874,216442.411,228931.656,12803.176,791,59,NA,NA,NA,NA,495116.494878126,106500.494878126,686792.781,470977.781,298063.781,82248.781,553012.344,NA,NA,NA,NA,NA,NA,NA,NA,NA,NA,NA,NA,NA,NA,NA,NA,NA,NA,NA
"16",1960,365166,798486,302184,94816,398553,398671,469340,NA,NA,NA,763719,700855,493487,720.748,265017.141825674,240717.08,253898.03,13310.464,1301,124,NA,NA,NA,NA,498701.858174326,100148.858174326,700134.252,492766.252,301463.252,94095.252,544587.97,NA,NA,NA,NA,NA,NA,NA,NA,NA,NA,NA,NA,NA,NA,NA,NA,NA,NA,NA
"17",1961,437674,828198,253234,51406,415778,415905,492791,NA,NA,NA,853452,669139,467311,20656.774,339846.326642652,254482.133,277025.988,15295.301,1413,137,NA,NA,NA,NA,513605.673357348,97827.6733573484,648482.226,446654.226,232577.226,30749.226,551172.012,NA,NA,NA,NA,NA,NA,NA,NA,NA,NA,NA,NA,NA,NA,NA,NA,NA,NA,NA
"18",1962,424314,862706,272737,73969,432848,432978,517337,NA,NA,NA,857162,705715,506947,41075.915,300805.60052067,285848.175999999,304424.222,18015.603,1607,153,NA,NA,NA,NA,556356.39947933,123508.39947933,664639.085,465871.085,231661.085,32893.085,558281.778,NA,NA,NA,NA,NA,NA,NA,NA,NA,NA,NA,NA,NA,NA,NA,NA,NA,NA,NA
"19",1963,465779,901525,295663,100880,438464,438601,530241,NA,NA,NA,904243,734264,539481,132915.967,362222.083042624,312234.804,334026.16,20032.035,1797,175,NA,NA,NA,NA,542020.916957376,103556.916957376,601348.033,406565.033,162747.033,-32035.9669999999,567498.84,NA,NA,NA,NA,NA,NA,NA,NA,NA,NA,NA,NA,NA,NA,NA,NA,NA,NA,NA
"20",1964,545955,953009,329371,128386,458149,458292,557675,NA,NA,NA,1004104,787663,586678,150524.038,423034.364778487,351593.321,374660.475,23693.38,1923,184,391455.467,997742.197,770561.655,53305.278,581069.635221513,122920.635221513,637138.962,436153.962,178846.962,-22138.0379999999,578348.525,646148.876,29611.898,NA,NA,NA,NA,NA,NA,NA,NA,NA,NA,NA,NA,NA,NA,NA,NA,NA
"21",1965,623812,1037846,381276,174988,485039,485191,593575,NA,NA,NA,1108851,866467,660179,170778.396,477805.245548525,396339.539,419616.136999999,27458.098,2053,205,417686.581,1097219.387,838668.912,64153.144,631045.754451475,146006.754451475,695688.604,489400.604,210497.604,4209.6040000002,618229.863000001,700879.848,36695.046,NA,NA,NA,NA,NA,NA,NA,NA,NA,NA,NA,NA,NA,NA,NA,NA,NA
"22",1966,547891,1121961,424286,202197,518534,518690,635555,NA,NA,NA,1066425,942976,720887,232339.292,431792.312088677,452079.665,474800.455999999,30550.534,2189,221,441150.72,1200410.544,910277.693,70529.737,634632.687911324,116098.687911323,710636.708,488547.708,191946.708,-30142.2920000002,647160.544000001,748330.879,39979.203,NA,NA,NA,NA,NA,NA,NA,NA,NA,NA,NA,NA,NA,NA,NA,NA,NA
"23",1967,712221,1207167,482726,243019,543199,543370,670481,NA,NA,NA,1255420,1026096,786389,261245.882,559201.983257581,495904.540000001,535485.567,30654.0090000001,2340,238,474904.214,1257555.172,987879.158,66329.858,696218.016742419,153019.016742419,764850.118,525143.118,221480.118,-18226.8819999997,671681.433,761650.631999999,35675.8489999999,NA,NA,NA,NA,NA,NA,NA,NA,NA,NA,NA,NA,NA,NA,NA,NA,NA
"24",1968,843150,1325558,549491,281240,588296,588482,724463,NA,NA,NA,1431446,1137973,869722,293694.234000001,654455.687068743,577787.637,622235.127,34805.844,2865,292,508056.538,1377356.325,1091645.592,72330.465,776990.312931257,188694.312931257,844278.765999999,576027.765999999,255796.765999999,-12454.2340000006,703322.873,799568.688,37524.621,NA,NA,NA,NA,NA,NA,NA,NA,NA,NA,NA,NA,NA,NA,NA,NA,NA
"25",1969,705075,1467876,620641,317054,623254,623457,775407,NA,NA,NA,1328329,1244098,940511,319071.659,595696.747860744,651643.797999999,702851.986000001,35748.8320000001,2990,315,555374.896,1534707.648,1235925.593,68647.325,732632.252139256,109378.252139256,925026.341,621439.341,301569.341,-2017.65899999993,765024.013999999,883063.850000001,32898.4929999999,NA,NA,NA,NA,NA,NA,NA,NA,NA,NA,NA,NA,NA,NA,NA,NA,NA
"26",1970,702482,1593968,695168,343245,654573,654802,821313,NA,NA,NA,1357055,1349970,998047,340822.946,583936.720710618,683402.872,765326.754999997,31581.756,3035,336,576621.914,1591866.091,1320716.371,54699.533,773118.279289382,118545.279289382,1009147.054,657224.054,354345.054,2422.05400000035,828641.245000003,908463.219,23117.777,NA,NA,NA,NA,NA,NA,NA,NA,NA,NA,NA,NA,NA,NA,NA,NA,NA
"27",1971,824038,1749132,805984,398316,720883,721123,914377,NA,NA,NA,1544921,1527107,1119439,372076.233,691335.022140976,749687.436999997,840585.084999998,35588.1730000001,3184,371,610089.038,1729096.444,1410510.499,65185.568,853585.977859024,132702.977859024,1155030.767,747362.767,433907.767,26239.7670000003,908546.915000002,979409.007000003,29597.3949999999,NA,NA,NA,NA,NA,NA,NA,NA,NA,NA,NA,NA,NA,NA,NA,NA,NA
"28",1972,1032948,1956680,952279,507656,802058,802314,1032242,NA,NA,NA,1835006,1754593,1309970,409817.874,820185.576423437,837577.592,929850.300000001,43574.938,3321,399,663403.049,1970085.663,1549529.62,80558.97,1014820.42357656,212762.423576563,1344775.126,900152.126,542461.126,97838.1259999999,1026829.7,1132508.071,36984.032,NA,NA,NA,NA,NA,NA,NA,NA,NA,NA,NA,NA,NA,NA,NA,NA,NA
"29",1973,809566,2241084,1101676,568541,937149,937497,1213178,NA,NA,NA,1746715,2039173,1506038,453905.086,653845.902191155,994820.967,1057558.112,56936.9039999999,3472,623,725983.971,2323603.964,1742274.567,105308.482,1092869.09780884,155720.097808845,1585267.914,1052132.914,647770.914,114635.914,1183525.888,1328782.997,48371.5780000001,NA,NA,NA,NA,NA,NA,NA,NA,NA,NA,NA,NA,NA,NA,NA,NA,NA
"30",1974,557656,2631826,1463930,713841,1049332,1049799,1372862,NA,NA,NA,1606988,2513729,1763640,504448.953999999,459244.07824912,1248797.61,1209872.321,61587.8149999999,4102,1503,784341.156,2812216.217,1941868.427,134700.763,1147743.92175088,98411.9217508805,2009280.046,1259191.046,959481.046000001,209392.046000001,1421953.679,1563418.607,73112.9480000001,NA,NA,NA,NA,NA,NA,NA,NA,NA,NA,NA,NA,NA,NA,NA,NA,NA
"31",1975,754897,2970201,1512861,638785,1147456,1147906,1496715,NA,NA,NA,1902353,2660767,1786691,545353.119,627329.58300608,1310151.647,1275245.85,58840.0459999998,4072,1565,848595.643,2909751.386,2062369.839,131625.808,1275023.41699392,127567.41699392,2115413.881,1241337.881,967507.881,93431.8809999998,1694955.15,1599599.739,72785.7620000002,NA,NA,NA,NA,NA,NA,NA,NA,NA,NA,NA,NA,NA,NA,NA,NA,NA
"32",1976,927412,3340682,1780766,793557,1277573,1278036,1661761,NA,NA,NA,2204985,3058802,2071593,598413.545000002,769935.452441884,1466173.178,1392283.521,74643.7050000001,4042,1629,932150.212,3311739.235,2269368.423,168889.428,1435049.54755812,157476.547558116,2460388.455,1473179.455,1182352.455,195143.454999998,1948398.479,1845566.057,94245.7229999999,NA,NA,NA,NA,NA,NA,NA,NA,NA,NA,NA,NA,NA,NA,NA,NA,NA
"33",1977,819176,3716624,2002985,891235,1441571,1442065,1873161,NA,NA,NA,2260747,3445050,2333300,651160.240000001,714981.484587486,1636566.057,1527260.546,82042.229,3986,1690,1053552.324,3760042.207,2573774.678,194197.96,1545765.51541251,104194.515412514,2793889.76,1682139.76,1351824.76,240074.759999999,2189363.454,2123476.15,112155.731,NA,NA,NA,NA,NA,NA,NA,NA,NA,NA,NA,NA,NA,NA,NA,NA,NA
"34",1978,856335,4234679,2337665,1048417,1673044,1673717,2171160,NA,NA,NA,2529379,4011382,2722134,709311.985999999,738622.185457137,1826378.66,1699446.227,95976.2460000003,3914,1657,1156086.955,4282043.346,2879283.611,216269.04,1790756.81454286,117712.814542863,3302070.014,2012822.014,1628353.014,339105.014000001,2535232.773,2455664.686,120292.794,NA,NA,NA,NA,NA,NA,NA,NA,NA,NA,NA,NA,NA,NA,NA,NA,NA
"35",1979,1014783,4900537,2763739,1232000,1941526,1942739,2532177,NA,NA,NA,2956309,4706478,3174739,786733.948000001,873563.384271812,2132372.77,1906989.081,114266.715,3876,1607,1378063.133,5134824.058,3660247.599,246786.196,2082745.61572819,141219.615728188,3919744.052,2388005.052,1977005.052,445266.051999999,2993547.919,3002451.288,132519.481,NA,NA,NA,NA,NA,NA,NA,NA,NA,NA,NA,NA,NA,NA,NA,NA,NA
"36",1980,1346523,5585845,3214540,1398242,2185480,2188394,2856324,NA,NA,NA,3532003,5402934,3586636,870961.590000002,1141025.07210105,2407612.599,2128218.058,117951.081,3954,1627,1445365.865,5709548.248,3723219.726,207500.384,2390977.92789895,205497.927898954,4531972.41,2715674.41,2343578.41,527280.409999998,3457626.942,3301935.649,89549.303,NA,NA,NA,NA,NA,NA,NA,NA,NA,NA,NA,NA,NA,NA,NA,NA,NA
"37",1981,1225637,6268218,3582385,1546228,2343148,2347061,3083122,NA,NA,NA,3568785,5929446,3893289,954262.462999999,1049099.77318471,2601319.454,2339844.65100001,127679.847,3999,1624,1622591.977,6202145.884,4205994.649,187767.6,2519685.22681529,176537.22681529,4975183.537,2939026.537,2628122.537,591965.537000001,3928373.34899999,3600826.43,60087.7530000001,NA,NA,NA,NA,NA,NA,NA,NA,NA,NA,NA,NA,NA,NA,NA,NA,NA
"38",1982,1386479,6617852,3823035,1721165,2385490,2388519,3216890,NA,NA,NA,3771969,6211554,4109684,1012662.735,1222652.83070148,2565176.895,2464504.979,104165.38,4227,1674,1739986.921,6131548.229,4529164.861,131954.073,2549316.16929852,163826.169298515,5198891.265,3097021.265,2810372.265,708502.264999999,4153347.021,3566371.334,27788.6930000002,NA,NA,NA,NA,NA,NA,NA,NA,NA,NA,NA,NA,NA,NA,NA,NA,NA
"39",1983,1630514,6982071,4037387,1965033,2443283,2447237,3361518,NA,NA,NA,4073797,6484624,4412270,1150624.306,1512063.32636982,2639761.872,2718858.694,112127.003,4417,1698,1872249.791,6297645.504,4896668.456,158266.244,2561733.67363018,118450.673630178,5333999.694,3261645.694,2886762.694,814408.694000003,4263212.306,3657883.632,46139.2410000002,NA,NA,NA,NA,NA,NA,NA,NA,NA,NA,NA,NA,NA,NA,NA,NA,NA
"40",1984,1553653,7543461,4214798,2107044,2441094,2445243,3488873,NA,NA,NA,3994747,6660041,4552287,1175515.162,1455092.14129591,2941511.28599999,2840049.316,144428.377,4390,1766,2030341.459,6905610.508,5385537.35,201090.988,2539654.85870409,98560.858704091,5484525.838,3376771.838,3039282.838,931528.838000001,4703411.684,3964099.22200001,56662.6109999999,NA,NA,NA,NA,NA,NA,NA,NA,NA,NA,NA,NA,NA,NA,NA,NA,NA
"41",1985,1917631,8139539,4549640,2461069,2503894,2509461,3654995,NA,NA,NA,4421525,7059101,4970530,1144602.567,1764411.88819739,2910564.05199999,2836958.878,111326.872,4626,1888,2198833.48,7304441.887,5993450.273,179512.602,2657113.11180261,153219.111802613,5914498.433,3825927.433,3405037.433,1316466.433,5302580.122,4393877.83500001,68185.7300000002,NA,NA,NA,NA,NA,NA,NA,NA,NA,NA,NA,NA,NA,NA,NA,NA,NA
"42",1986,2241896,8601199,4782137,2680034,2620480,2626591,3834464,NA,NA,NA,4862376,7408728,5306625,1188288.766,2017524.93030325,2917553.54,3058135.147,100663.488000001,4811,1986,2286856.788,7401052.428,6449378.094,171601.044,2844851.06969675,224371.069696749,6220439.234,4118336.234,3593848.234,1491745.234,5543063.853,4483498.888,70937.5559999994,NA,NA,NA,NA,NA,NA,NA,NA,NA,NA,NA,NA,NA,NA,NA,NA,NA
"43",1987,2287678,9148880,4979572,2802374,2727456,2729672,4000452,NA,NA,NA,5015134,7709244,5532046,1248804.523,2028278.45838539,3150783.663,3328204.969,143764.225,4827,1980,2374093.671,8104938.714,6850602.212,241369.295,2986855.54161461,259399.541614612,6460439.477,4283241.477,3730767.477,1553569.477,5820675.031,4954155.051,97605.07,NA,NA,NA,NA,NA,NA,NA,NA,NA,NA,NA,NA,NA,NA,NA,NA,NA
"44",1988,2559333,9978108,5326680,2999489,2871013,2875911,4259500,NA,NA,NA,5430346,8202591,5875400,1274636.46,2221263.24759775,3483354.944,3937303.40499999,171855.903,4776,1923,2530295.881,8678199.448,7467653.511,321688.991,3209082.75240225,338069.752402249,6927954.54,4600763.54,4052043.54,1724852.54,6040804.59500001,5194844.504,149833.088,NA,NA,NA,NA,NA,NA,NA,NA,NA,NA,NA,NA,NA,NA,NA,NA,NA
"45",1989,3140008,10591418,5651732,3225387,2991040,2998918,4459886,NA,NA,NA,6131048,8650650,6224305,1312855.565,2706031.06252449,3725231.29800001,4230395.63,163538.973,4707,1865,2646748.106,9196193.379,8058807.12,278027.673,3425016.93747551,433976.937475514,7337794.435,4911449.435,4338876.435,1912531.435,6361022.37,5470962.08099999,114488.7,NA,NA,NA,NA,NA,NA,NA,NA,NA,NA,NA,NA,NA,NA,NA,NA,NA
"46",1990,2956992,10734099,5512375,3234906,3089703,3092908,4550012,NA,NA,NA,6046695,8605283,6327814,1366920.70099999,2487672.13173483,3998374.81099999,4490273.40500001,143599.873,4746,1865,2668605.364,9577345.662,8355056.058,255915.282,3559022.86826517,469319.868265169,7238362.29900001,4960893.29900001,4145454.29900001,1867985.29900001,6243825.59499999,5578970.85100001,112315.409,NA,NA,NA,NA,NA,NA,NA,NA,NA,NA,NA,NA,NA,NA,NA,NA,NA
"47",1991,4000417,10752507,5517532,3563459,3045806,3049904,4484195,NA,NA,NA,7046223,8567436,6613363,1428449.033,3307540.58153017,4041016.20000001,4621781.554,94403.5199999998,4844,1911,2833124.579,9624794.187,8606388.91,213160.402,3738682.41846983,692876.41846983,7138986.967,5184913.967,4089082.967,2135009.967,6130725.446,5583777.98699999,118756.882,NA,NA,NA,NA,NA,NA,NA,NA,NA,NA,NA,NA,NA,NA,NA,NA,NA
"48",1992,4369261,10687120,5131317,3533455,3024376,3029082,4457934,NA,NA,NA,7393637,8160399,6562537,1427286.956,3580459.56937574,4275051.605,4804102.20100001,48713.998,5092,2027,2827571.07,9958335.083,8874164.347,250848.228,3813177.43062426,788801.430624262,6733112.044,5135250.044,3704030.044,2106168.044,5883017.79899999,5683283.478,202134.23,NA,NA,NA,NA,NA,NA,NA,NA,NA,NA,NA,NA,NA,NA,NA,NA,NA
"49",1993,4865339,11315603,5529553,4035666,3182171,3187650,4601681,NA,NA,NA,8047510,8717203,7223316,1518028.82999999,4093143.63444904,4483574.21600002,5159710.15299999,110424.984,5944,2200,3010697.354,10446370.749,9339539.553,310724.989,3954366.36555096,772195.36555096,7199174.17000001,5705287.17000001,4011524.17000001,2517637.17000001,6155892.84700001,5962796.53299998,200300.005,NA,NA,NA,NA,NA,NA,NA,NA,NA,NA,NA,NA,NA,NA,NA,NA,NA
"50",1994,4831577,11998547,6002705,4381824,3407018,3411898,4865945,NA,NA,NA,8238595,9414603,7793722,1690216.662,4033273.14030478,4937705.93000001,5468055.04600002,220238.007000001,6103,2369,3275605.175,11510750.744,9916699.321,406980.863,4205321.85969522,798303.859695223,7724386.338,6103505.338,4312488.338,2691607.338,6530491.95399998,6573044.81399999,186742.855999999,NA,NA,NA,NA,NA,NA,NA,NA,NA,NA,NA,NA,NA,NA,NA,NA,NA
"51",1995,6449974,12998315,6745886,5059491,3589516,3593122,5120960,NA,NA,NA,10039490,10339008,8652613,1871684.16600001,5386959.94360241,5488597.81999998,5918524.63000003,229699.418,6510,2704,3564192.853,12393508.021,10711099.04,457572.874,4652530.05639759,1063014.05639759,8467323.83399999,6780928.83399999,4874201.83399999,3187806.83399999,7079790.36999997,6904910.20100002,227873.456,NA,NA,NA,NA,NA,NA,NA,NA,NA,NA,NA,NA,NA,NA,NA,NA,NA
"52",1996,7403500,14079683,7508747,5712516,3771630,3777451,5442142,7403482,6452650,950832,11175130,11286198,9489967,2177757.584,6476696.16068104,5949260.41899997,6580915.84899999,285825.893,6480,2843,3995715.333,13266080.037,11667109.057,511486.347,4698433.83931896,926803.83931896,9108440.416,7312209.416,5330989.416,3534758.416,7498767.15100001,7316819.61800003,225660.454,NA,NA,NA,NA,NA,NA,NA,NA,NA,NA,NA,NA,NA,NA,NA,NA,NA
"53",1997,9414743,15618038,8859427,6410598,4148271,4155089,6016541,9434009,8173484,1260525,13563014,13014516,10565687,2371159.88699999,8252963.66804327,6411117.14799998,7186249.10600002,283644.253999999,6199,2855,4320244.419,14051099.511,12539546.525,548209.18,5310050.33195673,1161779.33195673,10643356.113,8194527.11300001,6488267.11300001,4039438.11300001,8431788.89399998,7639982.36300002,264564.926000001,NA,NA,NA,91300,4100,95400,28100,4700,32900,8800,128300,NA,NA,NA,NA,NA,NA
"54",1998,11821734,17459352,9835921,7156764,4366650,4373874,6544491,11879949,10310699,1569250,16188384,14209795,11530638,2587927.10899998,10330362.7414365,6640472.39599997,7953725.95900001,283271.319999998,6280,2979,4943944.292,14435495.958,14253530.073,503038.937,5858021.25856347,1491371.25856347,11621867.891,8942710.89100002,7247993.89100002,4568836.89100002,9505626.04099999,7795023.56200003,219767.617000001,NA,NA,NA,149600,26300,175900,33100,16500,49600,42800,225500,NA,NA,NA,NA,NA,NA
"55",1999,15352446,19597918,11103783,8304861,4631773,4639806,7124855,15374856,13687036,1687820,19984219,15743589,12944667,3007911.45199999,13991013.3057313,7274992.44599996,9064315.79100002,319802.457,5982,3251,5736453.103,15387432.447,16060884.938,517314.054,5993205.69426872,1361432.69426872,12735677.548,9936755.54800001,8095871.54800001,5296949.54800001,10533602.209,8112440.00100004,197511.597,NA,NA,NA,178500,72300,250800,50000,66000,115900,138300,366700,NA,NA,NA,NA,NA,NA
"56",2000,13358251,21985948,12098352,8820479,5033851,5039308,7859248,13360774,11865829,1494945,18392102,17137660,13859787,3471882.841,11807266.8010034,8102902.822,10195651.088,245382.193000001,5483,3282,6859864.043,17023973.1,18676047.42,482577.272,6584835.19899656,1550984.19899656,13665777.159,10387904.159,8626469.159,5348596.159,11790296.912,8921070.278,237195.078999999,NA,NA,NA,211000,113300,324200,74100,99100,173200,212400,497400,NA,NA,NA,NA,NA,NA
"57",2001,12004068,21593040,11198595,8269771,5211203,5215768,8254026,11967987,10431925,1536062,17215271,16414363,13485539,3493004.208,10542647.8712891,8033322.21000002,10344791.11,-68171.0660000006,5121,3090,6923785.201,16887570.326,19075351.082,261503.639,6672623.12871094,1461420.12871094,12921358.792,9992534.792,7705590.792,4776766.792,11248248.89,8854248.11599998,329674.705000001,NA,NA,NA,213100,116300,329400,89400,69000,158400,185300,487800,NA,NA,NA,NA,NA,NA
"58",2002,9304813,21801801,11051404,7782531,5288756,5292939,8534221,9285190,7957785,1327405,14593569,16344343,13075470,3087542.147,8117678.36355241,7573893.87499997,10200158.6650001,-152044.457,5053,2739,6901576.631,16472339.113,19115331.174,238408.426,6475890.63644759,1187134.63644759,13256800.853,9987927.853,7963861.853,4694988.853,11601642.3349999,8898445.23800003,390452.883,NA,NA,NA,204400,124800,329100,83300,55900,139200,180700,468300,NA,NA,NA,NA,NA,NA
"59",2003,11953287,22711728,12314555,9016731,5743691,5747911,9060406,11940770,10386711,1554059,17696978,18062466,14764642,3572376.73300002,10678238.4458057,8122831.77099997,10863352.347,373039.899000001,5021,2499,7122491.337,17455266.625,19559459.192,390969.431,7018739.5541943,1275048.5541943,14490089.267,11192265.267,8742178.26699998,5444354.26699998,11848375.653,9332434.85400002,17929.5319999988,NA,NA,NA,181700,164200,345900,75600,62000,137500,226200,483400,NA,NA,NA,NA,NA,NA
"60",2004,13532665,25308494,14377655,9932767,6757824,6761785,10428943,13524289,11644860,1879429,20290489,21139440,16694552,3991317.10899999,11902061.2112832,9063210.22400003,11638312.627,449227.573000001,4891,2362,7463419.382,19131504.478,20988993.201,642353.766,8388427.78871683,1630603.78871683,17148122.891,12703234.891,10386337.891,5941449.89100001,13670181.373,10068294.254,193126.192999999,NA,NA,NA,179400,206100,385500,69500,76500,146100,282600,531600,NA,NA,NA,NA,NA,NA
"61",2005,14242792,27910451,16207072,10824152,7744946,7749048,11955810,14228624,12062909,2165715,21987738,23956120,18573200,4155071.534,12226207.3413527,9749758.27,12031510.631,534280.571999998,4815,2243,8377943.518,21332869.114,22921406.054,1298010.48,9761530.65864735,2016584.65864735,19801048.466,14418128.466,12052000.466,6669080.466,15878940.369,11583110.844,763729.908000002,NA,NA,NA,202700,258500,461200,71100,91800,162900,350300,624100,NA,NA,NA,NA,NA,NA
"62",2006,16003136,30709991,18344186,11979558,8368158,8372748,13162862,15989192,13420745,2568447,24371294,26716934,20352306,4570817.949,13811864.1720356,10380613.773,12744170.7670001,699358.587,4618,2124,8352237.672,22591807.491,23193721.936,1160077.082,10559429.8279644,2191271.82796442,22146116.051,15781488.051,13773368.051,7408740.051,17965820.2329999,12211193.718,460718.495,NA,NA,NA,305000,344400,649400,75800,113100,188900,457500,838300,NA,NA,NA,NA,NA,NA
"63",2007,16901609,33432837,19938952,12816306,8418121,8422647,13800949,16882820,14030865,2851955,25319730,28361599,21238953,4798815.015,14582511.1725777,10883938.976,13566137.0129999,605774.525999998,4397,2033,8945888.176,23505941.04,25144240.881,1122877.802,10737218.8274223,2319097.82742232,23562783.985,16440137.985,15140136.985,8017490.985,19866699.9870001,12622002.064,517103.276000001,NA,NA,NA,339700,448600,788300,76800,133200,209900,581800,998200,NA,NA,NA,NA,NA,NA
"64",2008,11035862,29794394,15267208,9355618,7133897,7136707,12960336,11019617,8821591,2198026,18169759,22403915,16492325,4280850.39899999,9063363.64083652,11661289.471,13404941.598,272200.301,4298,1855,8034973.451,23907287.49,24489736.872,805013.281,9106395.35916348,1972498.35916348,18123064.601,12211474.601,10986357.601,5074767.60100001,16389452.402,12245998.019,532812.98,NA,NA,NA,342100,427900,770000,77200,129800,207100,557700,977100,NA,NA,NA,NA,NA,NA
"65",2009,13626661,28230705,14257125,11159808,5837910,5842609,11600595,13631171,11188489,2442682,19464571,20099734,17002417,4776490.265,11475061.7318562,10237008.254,13753926.911,588693.515,4263,1770,8352489.261,20505844.682,24657004.217,639551.397,7989509.26814379,2151599.26814379,15323243.735,12225926.735,9480634.735,6383317.735,14476778.089,10268836.428,50857.8819999999,NA,NA,NA,336900,496400,833300,75600,139700,215300,636100,1048600,NA,NA,NA,NA,NA,NA
"66",2010,15535258,28273587,14002109,10168246,6505605,6511160,12212767,15550186,12978719,2571467,22040863,20513269,16679406,5325712.57500001,13352876.883854,11339146.364,14616336.422,743156.042999999,4177,1764,9186593.143,22196192.006,25980051.978,965112.063,8687986.11614602,2182381.11614602,15187556.425,11353693.425,8676396.42499999,4842533.42499999,13657250.578,10857045.642,221956.020000001,NA,NA,NA,309200,593600,902800,73700,159100,232800,752700,1135600,NA,NA,NA,NA,NA,NA
"67",2011,15536584,28986791,13984526,9752212,6857940,6863957,12535041,15535866,13023982,2511884,22394524,20848483,16616169,5541816.149,13215371.4421752,12688339.671,15586770.067,813159.664999999,4194,1720,9505154.938,24241003.485,26897808.158,891786.408,9179152.55782482,2321212.55782482,15306666.851,11074352.851,8442709.851,4210395.851,13400020.933,11552663.814,78626.7430000008,NA,NA,NA,308000,633400,941400,71400,183100,254500,816500,1195900,NA,NA,NA,NA,NA,NA
"68",2012,17405043,30484964,14775338,10388500,7382217,7389065,13302110,17408554,14496468,2912086,24787260,22164403,17777565,5833861.87300001,14731256.5924702,12841949.596,16613348.8689999,748169.618000001,4326,1771,9973105.767,25061057.697,28137659.434,1162402.167,10056003.4075298,2673786.40752981,16330541.127,11943703.127,8941476.12699999,4554638.12699999,13871615.1310001,12219108.101,414232.548999999,NA,NA,NA,311900,675300,987200,68800,193100,261900,868400,1249100,2322000,325000,1792000,49000,2647000,1841000
"69",2013,22564303,33639726,16965350,11620514,8333133,8342613,14439504,22574387,18672464,3901923,30897436,25307963,19963127,6480084.05199998,19137934.9404962,13224226.96,17738053.397,899834.034000001,4396,1777,10868265.214,25824757.774,29972046.42,1267010.927,11759501.0595038,3426368.0595038,18827878.948,13483042.948,10485265.948,5140429.94800002,15901672.603,12600530.814,367176.892999999,1604000,24000,1628000,358800,698400,1057200,68100,226000,294100,924400,1351300,2519000,368000,1962000,55000,2887000,2017000
"70",2014,25222422,35525075,17721938,11783651,9055975,9068713,15541539,25298801,20495535,4803266,34278397,26790651,20852364,6520849.29599999,20922248.9934911,13698338.463,18625445.894,858567.988000001,4348,1605,11211529.005,27011547.905,31622617.963,1339039.56,13356148.0065089,4300173.00650886,20269801.704,14331514.704,11201088.704,5262801.70400001,16899629.106,13313209.442,480471.571999999,1835000,30000,1865000,337900,715300,1053200,73100,254700,327800,970000,1381000,2690000,437000,2139000,67000,3127000,2206000
"71",2015,24300491,37103734,17835539,11589112,9734899,9750205,16479792,24323292,19567299,4755993,34035390,27585744,21339317,6333496.231,19882668.798802,12801760.883,18843499.391,576840.666,4305,1423,11826483.127,26443140.861,33312605.745,1329154.51,14152721.201198,4417822.20119796,21252247.769,15005820.769,11502042.769,5255615.769,18260234.609,13641379.978,752313.844,1894000,39000,1933000,427800,707900,1135800,87700,272700,360400,980600,1496200,2799000,494000,2294000,86000,3293000,2380000
"72",2016,25818180,39301538,19052238,12271256,10090811,10113752,17507753,25831591,20741195,5090396,35908991,29165990,22385008,6421534.96399999,21372383.0960487,12678075.355,19556692.41,740592.200000001,4267,1272,12393358.89,26458540.441,34595058.138,1197832.906,14536607.9039513,4445796.90395131,22744455.036,15963473.036,12630703.036,5849721.03600001,19744845.59,13780465.086,457240.705999999,2058000,55000,2113000,471300,760200,1231500,104600,274500,379000,1034700,1610500,3037000,516000,2506000,86000,3553000,2592000
"73",2017,29960160,42356658,21968385,14601086,10883558,10907954,18880638,29990987,24356405,5634582,40843718,32876339,25509040,7070316.70600003,25202635.307512,13436892.765,20807767.8319999,925481.632,4243,1153,13612917.994,27743840.322,36606817.458,937429,15641082.692488,4757524.69248797,25806022.294,18438723.294,14898068.294,7530769.29399997,21548890.1680001,14306947.557,11947.3680000004,2321000,62000,2383000,562700,850800,1413500,110600,304400,415000,1155200,1828500,3539000,597000,2926000,109000,4136000,3035000
"74",2018,27796269,43056073,21148957,13775217,11256154,11335779,19722767,27827713,22485665,5342048,39052423,32484736,25110996,7122780.26599999,23303914.9946151,14412003.068,21176453.705,959700.229000001,4264,1048,14905007.115,29617128.721,39129744.878,2297738.93,15748508.0053849,4492354.00538494,25361955.734,17988215.734,14026176.734,6652436.73400001,21879619.295,15205125.653,1338038.701,2766000,82000,2848000,661900,923700,1585600,131800,376900,508700,1300600,2094300,4161000,695000,3471000,136000,4856000,3607000
"75",2019,35166467,48886705,24503730,16418841,12053899,12161978,20715242,35220841,28530744,6690097,47220366,36665708,28580819,7397809.29000002,29088870.0670421,14649168.441,22593255.9399999,952385.143,4420,951,17293911.659,30454698.026,43613888.849,1767679.084,18131495.9329579,6077596.93295791,29267898.71,21183009.71,17105920.71,9021031.70999998,26293449.0600001,15805529.585,815293.941,3259000,111000,3370000,732300,1111700,1844000,139300,459400,598700,1571100,2442700,5009000,827000,4121000,174000,5836000,4295000
"76",2020,43849381,51066127,26898781,17953879,13109177,13226414,22857193,43927429,36091346,7836083,56958558,40125195,31180293,7587201.11900001,36583944.9176381,13843110.93,23804416.1669999,471923.915000001,4534,894,16822798.364,28394213.862,43418951.83,1593409.566,20374613.0823619,7265436.08236188,32537993.881,23593091.881,19311579.881,10366677.881,27261710.8330001,14551102.932,1121485.651,3811000,144000,3955000,808000,1417200,2225100,170000,625600,795600,2042800,3020700,6069000,1117000,5051000,267000,7186000,5318000
"77",2021,53502798,57647622,32635394,21017658,15467621,15612224,26180313,53575231,45066041,8509190,68970419,48247618,36629882,8670612.74500001,45780753.5251119,16516759.008,25459370.318,1485043.986,4495,932,NA,NA,NA,NA,23189665.4748881,7722044.47488807,39577005.255,27959269.255,23964781.255,12347045.255,32188251.682,NA,NA,4822000,223000,5045000,879800,1979500,2859400,227500,1014700,1242200,2994200,4101600,7937000,1576000,6710000,404000,9513000,7114000
"78",2022,41617789,57551206,30820365,19141370,16129155,16242430,27347910,41700600,34242525,7458075,57746944,47062795,35383800,8947867.92400002,34569696.5654982,18541918.355,26109304.6009999,1373806.679,4381,824,NA,NA,NA,NA,23177247.4345018,7048092.43450176,38114927.076,26435932.076,21872497.076,10193502.076,31441901.3990001,NA,NA,6384000,333000,6717000,1007400,2050700,3058100,286500,923700,1210200,2974400,4268300,8276000,1586000,7040000,440000,9862000,7480000
"79",2023,51547171,59751311,32430999,21729920,15643959,15758098,27107990,51240911,42640776,8600135,67191130,48189097,37488018,9176432.849,41719546.1124114,17696795.858,26063760.113,1421675.913,3927,445,NA,NA,NA,NA,25471583.8875886,9827624.88758859,39012664.151,28311585.151,23254566.151,12553487.151,33687550.887,NA,NA,6641000,374000,7015000,1056200,2354200,3410400,322400,908800,1231200,3263000,4641600,9361000,1657000,8015000,465000,11018000,8480000
